{
  "metadata": {
    "name": "STV Limited ver Tiếng Trung",
    "author": "Moleys",
    "version": 24,
    "source": "https://sangtacviet.pro",
    "regexp": "(www.)?sangtacviet.(info|com|xyz|me|pro)/truyen/([a-zA-Z0-9])+/\\d+/\\d+/?$",
    "description": "Ngôn ngữ của extension này là tiếng TRUNG QUỐC, không phải TIẾNG VIỆT",
    "locale": "zh_CN",
    "language": "javascript",
    "type": "chinese_novel"
  },
  "script": {
    "home": "home.js",
    "genre": "genre.js",
    "search": "search.js",
    "detail": "detail.js",
    "toc": "toc.js",
    "chap": "chap.js"
  }
}
